date,market,1d_ta,7d_ta,30d_ta
2023-05-04,DAI aave_v2,3.8872490056175932,4.378410206293369,3.2352755696072717
2023-05-03,DAI aave_v2,3.8638939181109158,4.329959833814345,3.178116587237037
2023-05-02,DAI aave_v2,3.8322306816248055,4.283884056642734,3.1195551179726064
2023-05-01,DAI aave_v2,3.82466971181247,4.26282660068546,3.0600912747995057
2023-04-30,DAI aave_v2,4.034811729081814,4.256591896694483,2.9998115893935204
2023-04-29,DAI aave_v2,4.458965591061432,4.224107440494133,2.932014877634732
2023-04-28,DAI aave_v2,6.747050806744548,4.125698967720988,2.849549191723239
2023-04-27,DAI aave_v2,3.5480963982644345,3.6892966172484996,2.6893510119143
2023-04-26,DAI aave_v2,3.541363477909633,3.7116937457755768,2.63475886905636
2023-04-25,DAI aave_v2,3.6848284899238886,3.7058851861412077,2.57865300682728
2023-04-24,DAI aave_v2,3.781026783875634,3.6898245466245116,2.5087483525653718
2023-04-23,DAI aave_v2,3.807420535679357,3.5777020153228944,2.4352081694072805
2023-04-22,DAI aave_v2,3.770106281649419,3.362247154018561,2.3601437156998935
2023-04-21,DAI aave_v2,3.6922343534371316,3.1486327945579284,2.2832516520736448
2023-04-20,DAI aave_v2,3.704876297953975,2.9394614215162345,2.2077802816238132
2023-04-19,DAI aave_v2,3.5007035604690477,2.7431333984511763,2.1305776139708366
2023-04-18,DAI aave_v2,3.5724040133070187,2.5873450718869675,2.059558308817309
2023-04-17,DAI aave_v2,2.996169064764313,2.400444438875375,1.9857249131668484
2023-04-16,DAI aave_v2,2.2992365065490215,2.2846718992635076,1.9407949096193282
2023-04-15,DAI aave_v2,2.2748057654249907,2.26310287781748,1.9322846035149854
2023-04-14,DAI aave_v2,2.228034742145275,2.245190768152083,1.914464200076004
2023-04-13,DAI aave_v2,2.330580136498569,2.2338931554174213,1.888979935562188
2023-04-12,DAI aave_v2,2.4101852745195838,2.21087028713085,1.849241265015876
2023-04-11,DAI aave_v2,2.2640995822258714,2.1810462802561825,1.8011811456137998
2023-04-10,DAI aave_v2,2.185761287481242,2.1679577020111367,1.762206484581686
2023-04-09,DAI aave_v2,2.148253356426828,2.1567132095392445,1.7500891152855178
2023-04-08,DAI aave_v2,2.1494209977672085,2.14243635668281,1.7673790057202394
2023-04-07,DAI aave_v2,2.1489514530026446,2.1234160926636263,1.7940150391384102
2023-04-06,DAI aave_v2,2.169420058492572,2.102267367422985,1.8204770772556402
2023-04-05,DAI aave_v2,2.20141722639691,2.075920932454996,1.8460054721344037
2023-04-04,DAI aave_v2,2.1724795345105514,2.0387335304663483,1.870809137623657
2023-04-03,DAI aave_v2,2.107049840177998,2.0012838987543025,1.8964819298045386
2023-04-02,DAI aave_v2,2.048315386431784,1.965732151734193,1.9277814193852263
2023-04-01,DAI aave_v2,2.0162791496329233,1.8999283625391732,1.9595942461527207
2023-03-31,DAI aave_v2,2.0009103763181537,1.8368629538963113,1.996060629087849
2023-03-30,DAI aave_v2,1.984995013716649,1.7732310322019664,2.030136562316827
2023-03-29,DAI aave_v2,1.941105412476379,1.6987095120798692,2.0584972366596803
2023-03-28,DAI aave_v2,1.9103321125262296,1.625422058860699,2.089143120519493
2023-03-27,DAI aave_v2,1.858187611037232,1.5509169382661896,2.121261190004862
2023-03-26,DAI aave_v2,1.5876888620666456,1.4811936232413316,2.1536707171614333
2023-03-25,DAI aave_v2,1.5748212891328894,1.4482955206308394,2.196782550179852
2023-03-24,DAI aave_v2,1.55548692445774,1.4587880448030994,2.240443749149249
2023-03-23,DAI aave_v2,1.4633443728619684,1.5285652446546705,2.283633901720177
2023-03-22,DAI aave_v2,1.4280932399421868,1.568115143139467,2.330074193508849
2023-03-21,DAI aave_v2,1.3887962683646642,1.573174224109268,2.3822988198905284
2023-03-20,DAI aave_v2,1.3701244058632263,1.5374061886442039,2.4356725498363994
2023-03-19,DAI aave_v2,1.3574021437932005,1.4800143724433568,2.6565987707959056
2023-03-18,DAI aave_v2,1.6482689583387093,1.4425083163675367,2.7133949307487657
2023-03-17,DAI aave_v2,2.0439273234187376,1.467361352118606,2.760658895397672
2023-03-16,DAI aave_v2,1.7401936622555454,1.5563646015542831,2.793777559471057
2023-03-15,DAI aave_v2,1.4635068067307944,1.7289800784195375,2.8359838767199093
2023-03-14,DAI aave_v2,1.138420020109214,1.9403094769607885,2.8862860351707655
2023-03-13,DAI aave_v2,0.9683816924572963,2.1970026033531114,2.9474703085020284
2023-03-12,DAI aave_v2,1.0948597512624598,2.4794519602984275,3.014181486176426
2023-03-11,DAI aave_v2,1.8222402085961942,2.7434238958233617,3.077942483153521
2023-03-10,DAI aave_v2,2.666950069468477,2.9182516556808524,3.1208233582190905
2023-03-09,DAI aave_v2,2.9485020003123266,2.966215958536301,3.1358472169357943
2023-03-08,DAI aave_v2,2.942812596519551,2.9893257638755077,3.139341067871991
2023-03-07,DAI aave_v2,2.9352719048554734,3.000808017685213,3.1410576713063407
2023-03-06,DAI aave_v2,2.9455271910745107,2.986599923277609,3.143589116111096
2023-03-05,DAI aave_v2,2.942663299936998,2.9744506000199302,3.1448150754923616
2023-03-04,DAI aave_v2,3.046034527598629,2.964623585327118,3.1459161250554764
2023-03-03,DAI aave_v2,3.002700189456618,2.9338291422036518,3.1448481028541226
2023-03-02,DAI aave_v2,3.110270637686774,2.916449665512594,3.143226541285344
2023-03-01,DAI aave_v2,3.0231883731874896,2.8842191827308814,3.1382061967514465
2023-02-28,DAI aave_v2,2.8358152440022435,2.859648201073468,3.136203630213918
2023-02-27,DAI aave_v2,2.8604819282707608,2.8626107557191656,3.1355528251455524
2023-02-26,DAI aave_v2,2.8738741970873116,2.8818036275937087,3.1325259837254285
2023-02-25,DAI aave_v2,2.8304734257343647,2.8983941946870635,3.12859092932404
2023-02-24,DAI aave_v2,2.8810438526192144,3.6365995673890694,3.123592411097995
2023-02-23,DAI aave_v2,2.8846572582147867,3.662348580211897,3.1192184690800087
2023-02-22,DAI aave_v2,2.851191501585594,3.688281528724912,3.1146771887147944
2023-02-21,DAI aave_v2,2.856553126522125,3.714895206444154,3.110199990852497
2023-02-20,DAI aave_v2,2.9948320313925647,3.7362994997582955,3.1053142892110026
2023-02-19,DAI aave_v2,2.9900081667407936,3.733119432453141,3.0957782305464883
2023-02-18,DAI aave_v2,7.997911034648406,3.730825154354042,3.085171997376801
2023-02-17,DAI aave_v2,3.0612869423790054,3.0125117240741583,2.9073709144294733
2023-02-16,DAI aave_v2,3.066187897805897,3.004854969530774,2.8936247231078576
2023-02-15,DAI aave_v2,3.0374872456202864,3.0109233356389713,2.878277005225387
2023-02-14,DAI aave_v2,3.0063831797211127,3.0223774192603012,2.8609324191731558
2023-02-13,DAI aave_v2,2.972571560256486,3.029082326214174,2.8410021495462576
2023-02-12,DAI aave_v2,2.9739482200470992,3.0321879175418243,2.820607163175716
2023-02-11,DAI aave_v2,2.9697170226892204,3.037511778820543,2.8031406009883257
2023-02-10,DAI aave_v2,3.007689660575316,3.039310200223866,2.7873502636664877
2023-02-09,DAI aave_v2,3.1086664605632772,3.034739503974598,2.7687991748082657
2023-02-08,DAI aave_v2,3.1176658309695973,3.0212148469738467,2.7480121967798645
2023-02-07,DAI aave_v2,3.0533175283982246,2.9978416343200838,2.7314379426648965
2023-02-06,DAI aave_v2,2.9943106995500353,2.9844620305017453,2.7207680548242266
2023-02-05,DAI aave_v2,3.0112152489981305,2.980004984431973,2.7121444600201836
2023-02-04,DAI aave_v2,2.9823059725124796,2.952158676282423,2.70171799520469
2023-02-03,DAI aave_v2,2.9756947868304415,2.9217830638759317,2.691738573493584
2023-02-02,DAI aave_v2,3.0139938615580175,2.8903727464781053,2.6817391772930397
2023-02-01,DAI aave_v2,2.954053342393258,2.8427333203916776,2.6717777775337574
2023-01-31,DAI aave_v2,2.9596603016698544,2.8135579274897284,2.664154937486887
2023-01-30,DAI aave_v2,2.963111377061631,2.7833805768595155,2.657808022804354
2023-01-29,DAI aave_v2,2.816291091951279,2.7482040323816643,2.6523961452252625
2023-01-28,DAI aave_v2,2.7696766856670423,2.7330170302853816,2.6502633559931406
2023-01-27,DAI aave_v2,2.755822565045656,2.7243132568268225,2.6493217968797
2023-01-26,DAI aave_v2,2.6805178789530215,2.7123130577703263,2.7099536788697525
2023-01-25,DAI aave_v2,2.7498255920796164,2.709936010238261,2.7120941554018354
2023-01-24,DAI aave_v2,2.7484188472583635,2.69551824033125,2.7112610254713627
2023-01-23,DAI aave_v2,2.7168755657166703,2.6751378851988803,2.710216303335157
2023-01-22,DAI aave_v2,2.7099820772773007,2.646605613532692,2.7100572665374494
2023-01-21,DAI aave_v2,2.7087502714571285,2.6035331869093863,2.709799827397101
2023-01-20,DAI aave_v2,2.671821171650183,2.553814858006973,2.7087179307667517
2023-01-19,DAI aave_v2,2.6638785462285646,2.522119169832004,2.708348636088069
2023-01-18,DAI aave_v2,2.648901202730537,2.4981375065185056,2.7081807892243583
2023-01-17,DAI aave_v2,2.605756361331778,2.4698883339610944,2.7108757110418398
2023-01-16,DAI aave_v2,2.517149664053352,2.4526455851581606,2.7152138787353977
2023-01-15,DAI aave_v2,2.4084750909141626,2.4674010913677615,2.7225615767255347
2023-01-14,DAI aave_v2,2.360721969140235,2.5137933488340414,2.732632323161856
2023-01-13,DAI aave_v2,2.4499513544254,2.5673477611609727,2.738301514040034
2023-01-12,DAI aave_v2,2.4960069030340755,2.6028434683192474,2.7403107853393482
2023-01-11,DAI aave_v2,2.4511569948286587,2.6295458137685648,2.742483693750676
2023-01-10,DAI aave_v2,2.4850571197112385,2.6616252289093443,2.747555676347673
2023-01-09,DAI aave_v2,2.6204382075205617,2.6944959073476737,2.7509656359184635
2023-01-08,DAI aave_v2,2.7332208931781206,2.7094858978429013,2.7492415237481436
2023-01-07,DAI aave_v2,2.7356028554287537,2.714633321845149,2.742301272839248
2023-01-06,DAI aave_v2,2.6984213045333236,2.7239407781680245,2.737522864878514
2023-01-05,DAI aave_v2,2.6829233211792967,2.731638793947211,2.734840530536829
2023-01-04,DAI aave_v2,2.6757129008141156,2.739996878387857,2.7334107882021392
2023-01-03,DAI aave_v2,2.715151868779544,3.0112920389497315,2.7325925158614326
2023-01-02,DAI aave_v2,2.725368140987155,3.015517796969154,2.7303999777298182
2023-01-01,DAI aave_v2,2.7692528611938547,3.01544116170891,2.727346604572327
2022-12-31,DAI aave_v2,2.8007550496888833,3.0079874934201003,2.7232780699330466
2022-12-30,DAI aave_v2,2.7523074149876265,2.995323123719609,2.719086105697227
2022-12-29,DAI aave_v2,2.741429912263823,2.9881733363023546,2.7130903726966333
2022-12-28,DAI aave_v2,4.574779024747236,2.9788681163427575,2.7073078913823863
2022-12-27,DAI aave_v2,2.7447321749154994,2.7054343029916823,2.6409313577414033
2022-12-26,DAI aave_v2,2.724831694165447,2.693164440906217,2.6375345457626493
2022-12-25,DAI aave_v2,2.7170771831721887,2.6938668927761498,2.635029327608791
2022-12-24,DAI aave_v2,2.7121044617854433,2.696556065485625,2.632555697791531
2022-12-23,DAI aave_v2,2.7022589030668467,2.7001955143387715,2.668405826602832
2022-12-22,DAI aave_v2,2.6762933725466427,2.701386740186908,2.665098673390698
2022-12-21,DAI aave_v2,2.660742331289708,2.680601643463898,2.6516695998042623
2022-12-20,DAI aave_v2,2.6588431403172432,2.659099809480343,2.638502120404827
2022-12-19,DAI aave_v2,2.729748857254976,2.645149954488439,2.624709086171216
2022-12-18,DAI aave_v2,2.7359013921385174,2.6270881852718095,2.60870692952584
2022-12-17,DAI aave_v2,2.737580603757466,2.605867401657014,2.591777719644812
2022-12-16,DAI aave_v2,2.710597484003803,2.581743721464657,2.5922308075847043
2022-12-15,DAI aave_v2,2.530797695485572,2.5552317045942927,2.6059850314655533
2022-12-14,DAI aave_v2,2.510229493404825,2.564010693325887,2.61611377374388
2022-12-13,DAI aave_v2,2.561194155373914,2.5793995191655936,2.6282927995220877
2022-12-12,DAI aave_v2,2.6033164727385687,2.5906619328462646,2.6425578462343386
2022-12-11,DAI aave_v2,2.587355906834947,2.5974973982540286,2.6544657369131914
2022-12-10,DAI aave_v2,2.5687148424109676,2.606357372253479,2.668277264825905
2022-12-09,DAI aave_v2,2.5250133659112537,2.6156505299465445,2.6864706341652242
2022-12-08,DAI aave_v2,2.592250616606732,2.633105309389999,2.6846644120499707
2022-12-07,DAI aave_v2,2.617951274282772,2.6449260959625076,2.6686046118036035
2022-12-06,DAI aave_v2,2.6400310511386116,2.638423831774944,2.651854400894029
2022-12-05,DAI aave_v2,2.6511647305929142,2.6281273205889146,2.6345175159051486
2022-12-04,DAI aave_v2,2.649375724831104,2.6184585041496065,2.616484251596243
2022-12-03,DAI aave_v2,2.6337669462624245,2.61752308853843,2.598869234739716
2022-12-02,DAI aave_v2,2.647196822015433,2.6197956890080416,2.5813782535478142
2022-12-01,DAI aave_v2,2.6749961226142935,2.6191773270993215,2.563227566316842
2022-11-30,DAI aave_v2,2.5724354249698274,2.778121927600775,2.543873338482969
2022-11-29,DAI aave_v2,2.567955472836406,2.782494624991202,2.5265224476519816
2022-11-28,DAI aave_v2,2.5834830155177553,2.7404182952936553,2.5088330312393725
2022-11-27,DAI aave_v2,2.6428278155528706,2.695023285834926,2.4899016536444973
2022-11-26,DAI aave_v2,2.6496751495497035,2.6381981855143612,2.468440416021716
2022-11-25,DAI aave_v2,2.6428682886543937,2.5810566152777885,2.4466547995370087
2022-11-24,DAI aave_v2,3.787608326124468,2.5217933019996868,2.4278911518318433
2022-11-23,DAI aave_v2,2.6030443067028193,2.3737311471182245,2.370998270315593
2022-11-22,DAI aave_v2,2.2734211649535787,2.448042560507717,2.353329390810308
2022-11-21,DAI aave_v2,2.2657179493066484,2.528219531776546,2.3461658548172717
2022-11-20,DAI aave_v2,2.245052113308917,2.615345577125746,2.338271603673897
2022-11-19,DAI aave_v2,2.249684157893694,2.721644640473249,2.329394721640359
2022-11-18,DAI aave_v2,2.2280250957076833,2.823197359789029,2.3195064839883233
2022-11-17,DAI aave_v2,2.7511732419542296,2.933722595290269,2.312256185746914
2022-11-16,DAI aave_v2,3.123224200429269,2.985628692524028,2.288421141550211
2022-11-15,DAI aave_v2,2.834659963835379,2.892429049956081,2.252077570902406
2022-11-14,DAI aave_v2,2.8756002667510505,2.788971427867559,2.225230266882743
2022-11-13,DAI aave_v2,2.989145556741439,2.680377810759628,2.197011680185532
2022-11-12,DAI aave_v2,2.960553193104154,2.5562033742925943,2.16429014387196
2022-11-11,DAI aave_v2,3.001701744216362,2.434719604038536,2.1306110873957937
2022-11-10,DAI aave_v2,3.1145159225905426,2.308894386169813,2.0951303363552727
2022-11-09,DAI aave_v2,2.470826702453641,2.1652546130147874,2.0553327669703836
2022-11-08,DAI aave_v2,2.110456609215724,2.112661684819446,2.035324437601802
2022-11-07,DAI aave_v2,2.1154449469955323,2.1103634960169306,2.0269511867134
2022-11-06,DAI aave_v2,2.1199245014722026,2.101286889309027,2.018552819801605
2022-11-05,DAI aave_v2,2.1101668013257475,2.0894795291641595,2.0101783577181003
2022-11-04,DAI aave_v2,2.1209252191353,2.0759616557849823,2.0018993859070053
2022-11-03,DAI aave_v2,2.1090375105053654,2.0585424368898573,1.9926393860835614
2022-11-02,DAI aave_v2,2.10267620508625,2.0424094575331595,1.9834266356946004
2022-11-01,DAI aave_v2,2.094369287598115,2.0391641221636156,1.9722514119516759
2022-10-31,DAI aave_v2,2.051908700040207,2.037228778312022,1.9576695224934209
2022-10-30,DAI aave_v2,2.037272980458132,2.0402386670983166,1.9445602481568105
2022-10-29,DAI aave_v2,2.015541687671506,2.0432732534846516,1.9320211930459261
2022-10-28,DAI aave_v2,1.9989906868694245,2.045180214532352,1.9202670368329835
2022-10-27,DAI aave_v2,1.9961066550084803,2.0422880667371173,1.9087485142100453
2022-10-26,DAI aave_v2,2.0799588574994434,2.036135262926281,1.8975233636196849
2022-10-25,DAI aave_v2,2.0808218806369614,2.026214875921418,1.8820870763538469
2022-10-24,DAI aave_v2,2.0729779215442683,2.019829166695157,1.8805548326178538
2022-10-23,DAI aave_v2,2.0585150851624756,2.0141061894738503,1.8796294180848958
2022-10-22,DAI aave_v2,2.0288904150054106,2.009924154914279,1.8792491548862262
2022-10-21,DAI aave_v2,1.9787456523027824,2.0099459050327533,1.8809387425663495
2022-10-20,DAI aave_v2,1.9530370283326257,2.014053592894395,1.9046785887082616
2022-10-19,DAI aave_v2,2.010516148465402,2.0136456601067585,1.9278884581612137
2022-10-18,DAI aave_v2,2.0361219160531343,2.003183240754662,1.9487054774397528
2022-10-17,DAI aave_v2,2.032917080995121,1.9866785157533402,1.968453041467267
2022-10-16,DAI aave_v2,2.029240843245477,1.9634870500963502,1.9887128109863812
2022-10-15,DAI aave_v2,2.0290426658347314,1.939203941427519,2.008155918774338
2022-10-14,DAI aave_v2,2.0074994673342736,1.91555412339994,2.0272899976497034
2022-10-13,DAI aave_v2,1.9501814988191704,1.8957242907760528,2.0445280887843196
2022-10-12,DAI aave_v2,1.9372792130007257,1.8830980262294437,2.0610150443340944
2022-10-11,DAI aave_v2,1.9205888410438816,1.8696474564339078,2.0702965351864298
2022-10-10,DAI aave_v2,1.8705768213961922,1.8570854789757159,2.0796845664907475
2022-10-09,DAI aave_v2,1.8592590825636583,1.842348717747476,2.0903501805705154
2022-10-08,DAI aave_v2,1.8634939396416785,1.8134420779313059,2.1011183589947264
2022-10-07,DAI aave_v2,1.8686906389670621,1.7841758679741937,2.1104603474456196
2022-10-06,DAI aave_v2,1.8617976469929074,1.7545202519977,2.1201815403988387
2022-10-05,DAI aave_v2,1.843125224431975,1.7261087311820307,2.1276617880814315
2022-10-04,DAI aave_v2,1.8326549988365382,1.6990101288605033,2.1359631778076382
2022-10-03,DAI aave_v2,1.7674194927985125,1.6742525772120933,2.144618259868662
2022-10-02,DAI aave_v2,1.656912603850467,1.6527455410300627,2.1559520352370733
2022-10-01,DAI aave_v2,1.6586304699418943,1.7067372502738778,2.1708990985294307
2022-09-30,DAI aave_v2,1.6611013271316055,1.7619636810758252,2.186454665610386
2022-09-29,DAI aave_v2,1.6629170012832222,1.8171073756573652,2.212461672611539
2022-09-28,DAI aave_v2,1.6534350081812825,1.8766303819610635,2.2392049027783325
2022-09-27,DAI aave_v2,1.6593521372976694,2.0248455288723295,2.2650519404755864
2022-09-26,DAI aave_v2,1.6168702395242973,2.1662713823899753,2.287633799118848
2022-09-25,DAI aave_v2,2.0348545685571735,2.311722309146729,2.3110653830166132
2022-09-24,DAI aave_v2,2.0452154855555267,2.396535776049785,2.3209987748963132
2022-09-23,DAI aave_v2,2.0471071892023858,2.481606444765931,2.3285375014490457
2022-09-22,DAI aave_v2,2.0795780454091086,2.562381714434758,2.3358850439353813
2022-09-21,DAI aave_v2,2.6909410365601443,2.6371655696756986,2.341238233685757
2022-09-20,DAI aave_v2,2.64933311192119,2.613408593220359,2.3262991494700356
2022-09-19,DAI aave_v2,2.635026726821575,2.584188172276248,2.312345975934407
2022-09-18,DAI aave_v2,2.628548836878563,2.524287773954707,2.299077894779186
2022-09-17,DAI aave_v2,2.640710166568549,2.4633850515682565,2.286292737837492
2022-09-16,DAI aave_v2,2.612534076884175,2.399075776885496,2.2731532437063513
2022-09-15,DAI aave_v2,2.603065032095694,2.337614399514898,2.260969786969363
2022-09-14,DAI aave_v2,2.5246422013727643,2.271998479668153,2.2490071657191897
2022-09-13,DAI aave_v2,2.444790165312415,2.2199533691239917,2.240106271919581
2022-09-12,DAI aave_v2,2.2157239385707896,2.1687269280037462,2.2334332412441555
2022-09-11,DAI aave_v2,2.2022297801734063,2.151075924810514,2.2332946290703486
2022-09-10,DAI aave_v2,2.1905452437892254,2.135372736309635,2.235529090085317
2022-09-09,DAI aave_v2,2.1823044352899896,2.1234995234612972,2.2236437790096963
2022-09-08,DAI aave_v2,2.1437535931684812,2.112502390222897,2.2084731090497285
2022-09-07,DAI aave_v2,2.160326427563633,2.109865802966049,2.1906515448740884
2022-09-06,DAI aave_v2,2.086205077470696,2.1500065329092735,2.1713415783459937
2022-09-05,DAI aave_v2,2.092166916218167,2.2041506513116045,2.1540277773150582
2022-09-04,DAI aave_v2,2.0923074606672523,2.252247683151711,2.1364365915890784
2022-09-03,DAI aave_v2,2.1074327538508606,2.2871763168557484,2.121848468328735
2022-09-02,DAI aave_v2,2.105324502621188,2.3175170315138054,2.110024147745633
2022-09-01,DAI aave_v2,2.125297482370543,2.350021577560516,2.098078624200189
2022-08-31,DAI aave_v2,2.441311537166206,2.3708901203843666,2.0854394668435323
2022-08-30,DAI aave_v2,2.4652139062870155,2.346064681330975,2.062401461974003
2022-08-29,DAI aave_v2,2.4288461390989107,2.3139160858500265,2.0387889490625204
2022-08-28,DAI aave_v2,2.336807896595516,2.287333567419968,2.016550489880603
2022-08-27,DAI aave_v2,2.3198177564572573,2.2721807115995145,1.9977039405483659
2022-08-26,DAI aave_v2,2.3328563249481653,2.260347359557754,1.9791880455345516
2022-08-25,DAI aave_v2,2.2713772821374967,2.2477956172262656,1.9599211101568939
2022-08-24,DAI aave_v2,2.2675334637924633,2.2442453401543836,1.942627045759339
2022-08-23,DAI aave_v2,2.2401737379203763,2.241316327437535,1.924246971128058
2022-08-22,DAI aave_v2,2.2427685100885006,2.241889564104696,1.9062537610328314
2022-08-21,DAI aave_v2,2.2307379058523407,2.2440105465755535,1.8882935600104782
2022-08-20,DAI aave_v2,2.236984292164935,2.2459907378894544,1.870506614884012
2022-08-19,DAI aave_v2,2.244994128627746,2.2423594923454044,1.8512108942680767
2022-08-18,DAI aave_v2,2.246525342634324,2.245826561201793,1.832127852926945
2022-08-17,DAI aave_v2,2.247030374774523,2.186892356756976,1.8134757519129334
2022-08-16,DAI aave_v2,2.2441863945905003,2.112628637002179,1.794329263883615
2022-08-15,DAI aave_v2,2.2576153873845057,2.021902961760576,1.7757489420598598
2022-08-14,DAI aave_v2,2.244599245049647,1.9252475395229036,1.757509171447404
2022-08-13,DAI aave_v2,2.211565573356585,1.8284177968790443,1.7396958181681474
2022-08-12,DAI aave_v2,2.269263610622467,1.7359700498907848,1.7232207792078724
2022-08-11,DAI aave_v2,1.8339859115206023,1.6481700716385679,1.70473288865177
2022-08-10,DAI aave_v2,1.7271843364909472,1.6365582466153112,1.700905068113958
2022-08-09,DAI aave_v2,1.6091066678992794,1.6393831694391556,1.7010558260476434
2022-08-08,DAI aave_v2,1.5810274317207975,1.6589568971208075,1.7046986998504037
2022-08-07,DAI aave_v2,1.5667910465426316,1.6831203198864553,1.7092064234694384
2022-08-06,DAI aave_v2,1.564431344438769,1.7102699588007275,1.7193560106323031
2022-08-05,DAI aave_v2,1.6546637628569476,1.738450104401102,1.734640720748615
2022-08-04,DAI aave_v2,1.7527031363578065,1.7551283406541671,1.7489330451165808
2022-08-03,DAI aave_v2,1.7469587962578579,1.7567908791805984,1.7597979571543965
2022-08-02,DAI aave_v2,1.746122761670843,1.7579179459463956,1.772075457852029
2022-08-01,DAI aave_v2,1.7501713910803318,1.7588368871663966,1.7844310066639861
2022-07-31,DAI aave_v2,1.756838518942537,1.753974006276926,1.798600814936585
2022-07-30,DAI aave_v2,1.7616923636413908,1.7459081371513596,1.8196570096114968
2022-07-29,DAI aave_v2,1.7714114166284023,1.7376610108337192,1.8470940387589831
2022-07-28,DAI aave_v2,1.7643409060428266,1.7270493158951399,1.875611262173002
2022-07-27,DAI aave_v2,1.7548482636184377,1.711873854130005,1.9051497515944718
2022-07-26,DAI aave_v2,1.7525553502108497,1.7001102290979127,1.9433581542965144
2022-07-25,DAI aave_v2,1.7161312248540372,1.69073979509836,1.9827503626331646
2022-07-24,DAI aave_v2,1.7003774350635725,1.684526153532779,2.023362781560511
2022-07-23,DAI aave_v2,1.703962479417908,1.6825831970776748,2.0637110374296133
2022-07-22,DAI aave_v2,1.6971295520583467,1.6835060241623778,2.1040047526875876
2022-07-21,DAI aave_v2,1.6581126736868832,1.6853730376786065,2.144335016268036
2022-07-20,DAI aave_v2,1.6725028883937905,1.6938304278016711,2.186283315081494
2022-07-19,DAI aave_v2,1.6869623122139816,1.6998481428796148,2.228739265074336
2022-07-18,DAI aave_v2,1.6726357338949691,1.7044465690470803,2.2681625630724573
2022-07-17,DAI aave_v2,1.6867767398778448,1.7128853319908723,2.294409783653307
2022-07-16,DAI aave_v2,1.7104222690108293,1.7174019237200497,2.3296098090600608
2022-07-15,DAI aave_v2,1.7101986466719477,1.7182357624744793,2.383484885957784
2022-07-14,DAI aave_v2,1.7173144045483346,1.7412471931539975,2.420269490760467
2022-07-13,DAI aave_v2,1.7146268939393963,1.784912656493968,2.454764211351561
2022-07-12,DAI aave_v2,1.719151295386241,1.8375993136306144,2.4893198397587795
2022-07-11,DAI aave_v2,1.7317070745015137,1.888956342502905,2.5236218730395428
2022-07-10,DAI aave_v2,1.7183928819820853,1.943753020029379,2.5574889933907166
2022-07-09,DAI aave_v2,1.7162591402918366,2.000666783464733,2.6023574281384034
2022-07-08,DAI aave_v2,1.8712786614285748,2.0662391404599414,2.6492890186316975
2022-07-07,DAI aave_v2,2.0229726479281274,2.1401313829972715,2.6860247497705463
2022-07-06,DAI aave_v2,2.083433493895922,2.2203928958741077,2.716779613631518
2022-07-05,DAI aave_v2,2.0786504974922755,2.2980349851816855,2.746269135997058
2022-07-04,DAI aave_v2,2.1152838171868327,2.379727141066635,2.775259677543673
2022-07-03,DAI aave_v2,2.116789226029561,2.4919866449941903,2.8041911209591093
2022-07-02,DAI aave_v2,2.175265639258296,2.6087769841771613,2.8333174189488974
2022-07-01,DAI aave_v2,2.3885243591898866,2.7172395775223235,2.860975991679391
2022-06-30,DAI aave_v2,2.5848032380659807,2.7918539706575727,2.877145361739009
2022-06-29,DAI aave_v2,2.626928119048966,2.8387069276705947,2.8859634882301606
2022-06-28,DAI aave_v2,2.650495588686922,2.8787225477310003,2.8942260880665285
2022-06-27,DAI aave_v2,2.901100344679719,2.916731983360101,2.8941046117536326
2022-06-26,DAI aave_v2,2.934321600310357,2.923172132431434,2.8847911706498133
2022-06-25,DAI aave_v2,2.934503792674433,2.9139349398381853,2.8793749707562193
2022-06-24,DAI aave_v2,2.9108251111366314,2.846156162501905,2.879495914471163
2022-06-23,DAI aave_v2,2.912773937157135,2.822149361208164,2.889696225614197
2022-06-22,DAI aave_v2,2.9070374594718045,2.881278023891793,2.9052629179107274
2022-06-21,DAI aave_v2,2.9165616380906254,2.8679493569318835,2.917665936783801
2022-06-20,DAI aave_v2,2.946181388179049,2.8444628403876733,2.9302073470836376
2022-06-19,DAI aave_v2,2.8696612521576172,2.8166220343843724,2.9434124066698075
2022-06-18,DAI aave_v2,2.4600523513204715,2.799272183191734,3.0526626335712463
2022-06-17,DAI aave_v2,2.7427775020804437,2.8403676594369127,3.0871851837390833
2022-06-16,DAI aave_v2,3.326674575942541,2.886320291198662,3.1125270372920664
2022-06-15,DAI aave_v2,2.8137367907524378,2.8573963310769646,3.1179687344610456
2022-06-14,DAI aave_v2,2.7521560222811523,2.8801983031971936,3.1406346686821416
2022-06-13,DAI aave_v2,2.751295746155945,2.9078358091223544,3.21872241099738
2022-06-12,DAI aave_v2,2.7482122938091456,2.9388105832232365,3.3049112078874385
2022-06-11,DAI aave_v2,2.7477206850367226,2.9674040760920337,3.3301042698574426
2022-06-10,DAI aave_v2,3.064445924412691,3.0010478524653474,3.3560768325730153
2022-06-09,DAI aave_v2,3.124206855090658,2.9904953155097065,3.3705517267550755
2022-06-08,DAI aave_v2,2.973350595594042,2.9734690249500564,3.3834754880901996
2022-06-07,DAI aave_v2,2.9456185637572765,2.959219720004969,3.401138437838195
2022-06-06,DAI aave_v2,2.9681191648621206,2.945466644154005,3.419605845643477
2022-06-05,DAI aave_v2,2.948366743890726,2.9321362083365594,3.437234317339583
2022-06-04,DAI aave_v2,2.9832271196499196,2.8890625733950346,3.4554889023174717
2022-06-03,DAI aave_v2,2.990578165723204,2.837415429382921,3.4727730667265835
2022-06-02,DAI aave_v2,3.0050228211731067,2.8061664919228275,3.4897993999257
2022-06-01,DAI aave_v2,2.873605460978431,2.796610675201348,3.5062511945847836
2022-05-31,DAI aave_v2,2.849347032800527,2.84564338726552,3.527412711415909
2022-05-30,DAI aave_v2,2.8748061141400005,2.9214187691587377,3.549127617812737
2022-05-29,DAI aave_v2,2.646851299300052,2.979179042233597,3.569937707907893
2022-05-28,DAI aave_v2,2.621697111565125,3.071457991917264,3.598223843507653
2022-05-27,DAI aave_v2,2.77183560350255,3.1744060010885535,3.627366833200458
2022-05-26,DAI aave_v2,2.938132104122749,3.656596351902586,3.6519234693756544
2022-05-25,DAI aave_v2,3.2168344454276356,3.736253030792991,3.6707427950902414
2022-05-24,DAI aave_v2,3.3797747060530505,3.7771385541133182,3.6800145477629984
2022-05-23,DAI aave_v2,3.2791280256640145,3.7928743805360146,3.6840024462689125
2022-05-22,DAI aave_v2,3.2928039470857233,3.8235296364962,3.691685703405019
2022-05-21,DAI aave_v2,3.3423331757641512,4.080955971446571,3.6989042059236423
2022-05-20,DAI aave_v2,6.147168059200777,4.365902611031363,3.7042550232893166
2022-05-19,DAI aave_v2,3.495728856355584,3.988307767275432,3.6161786097344684
2022-05-18,DAI aave_v2,3.503033108669926,3.992760440153763,3.616278949806926
2022-05-17,DAI aave_v2,3.489925491011926,3.9921403888972744,3.6161247961617455
2022-05-16,DAI aave_v2,3.493714817385311,3.9952824180590523,3.6164521939029557
2022-05-15,DAI aave_v2,5.0947882917383165,3.9966430281517082,3.6167130374753262
2022-05-14,DAI aave_v2,5.336959652857694,3.7687648147484816,3.563588010249527
2022-05-13,DAI aave_v2,3.5040041529092667,3.505909623732428,3.502436011799779
2022-05-12,DAI aave_v2,3.5268975665038993,3.504766786635016,3.5021808193076644
2022-05-11,DAI aave_v2,3.4986927498745075,3.501174570266355,3.5011663159207544
2022-05-10,DAI aave_v2,3.51191969514437,3.5015567719552405,3.4959225145216553
2022-05-09,DAI aave_v2,3.5032390880339044,3.4996506242125607,3.488044201710544
2022-05-08,DAI aave_v2,3.4996407979157285,3.5003951781951725,3.479488802401659
2022-05-07,DAI aave_v2,3.49697331574532,3.5005599534508356,3.470906551725243
2022-05-06,DAI aave_v2,3.496004293227381,3.5008650250578865,3.4630186830324976
2022-05-05,DAI aave_v2,3.5017520519232734,3.5007837499243832,3.455271863688887
2022-05-04,DAI aave_v2,3.5013681616967074,3.4999601428423825,3.4478209151613326
2022-05-03,DAI aave_v2,3.498576660945611,3.500983932422631,3.439894500837848
2022-05-02,DAI aave_v2,3.5084509659121874,3.5015746773675946,3.431702289996052
2022-05-01,DAI aave_v2,3.500794224705368,3.4996512573244747,3.422644439134844
2022-04-30,DAI aave_v2,3.4991088169946774,3.4994537482566317,3.413449942957837
2022-04-29,DAI aave_v2,3.4954353672928575,3.500956165792708,3.404093309264042
2022-04-28,DAI aave_v2,3.495986802349269,3.5029452594143606,3.3932620245261904
2022-04-27,DAI aave_v2,3.5085346887584437,3.5039268157550914,3.378036554131892
2022-04-26,DAI aave_v2,3.5027118755603586,3.503404096297503,3.3586075679827196
2022-04-25,DAI aave_v2,3.49498702561035,3.502836551007353,3.338764791396738
2022-04-24,DAI aave_v2,3.499411661230465,3.5033253329650904,3.31828724186144
2022-04-23,DAI aave_v2,3.5096257397472126,3.5033732989676283,3.2970440967841412
2022-04-22,DAI aave_v2,3.509359022644426,3.5022182110832305,3.2751921182984587
2022-04-21,DAI aave_v2,3.502857696734383,3.501029418557506,3.2533054887077784
2022-04-20,DAI aave_v2,3.5048756525553273,3.5009639903619147,3.2318299019527137
2022-04-19,DAI aave_v2,3.498739058529308,3.4997458083034156,3.210199844636223
2022-04-18,DAI aave_v2,3.4984084993145115,3.4994205806416003,3.189720021403671
2022-04-17,DAI aave_v2,3.499747423248228,3.476987753296888,3.1681757448348544
2022-04-16,DAI aave_v2,3.5015401245564304,3.444962451520147,3.1465828571468375
2022-04-15,DAI aave_v2,3.5010374749643525,3.408539163550277,3.1251179328523433
2022-04-14,DAI aave_v2,3.502399699365245,3.3715585639301193,3.1035258848008347
2022-04-13,DAI aave_v2,3.4963483781458335,3.336978214729793,3.0814351117101273
2022-04-12,DAI aave_v2,3.4964624648965996,3.303728405411683,3.059624015469751
2022-04-11,DAI aave_v2,3.341378707901526,3.2725514241545457,3.038037048144036
2022-04-10,DAI aave_v2,3.2755703108110397,3.2614367133103515,3.021813612969429
2022-04-09,DAI aave_v2,3.246577108767342,3.25818528829331,3.0076235828278732
2022-04-08,DAI aave_v2,3.242173277623251,3.2567764784802526,2.9946057506955337
2022-04-07,DAI aave_v2,3.2603372549629577,3.254317344447668,2.981769120443444
2022-04-06,DAI aave_v2,3.2635997129190657,3.2483277089073637,2.9683891001382814
2022-04-05,DAI aave_v2,3.2782235960966366,3.2350272963699687,2.9561292419704803
2022-04-04,DAI aave_v2,3.2635757319921663,3.2008843098590676,2.9610619436220444
2022-04-03,DAI aave_v2,3.2528103356917484,3.15261136304351,2.9665219713093323
2022-04-02,DAI aave_v2,3.236715440075944,3.1032711119419623,2.972986727039796
2022-04-01,DAI aave_v2,3.224959339395158,3.0524061261527433,2.980885533327344
2022-03-31,DAI aave_v2,3.218409806180828,3.000571550369363,2.9902122408160734
2022-03-30,DAI aave_v2,3.1704968251573,2.948522490225922,2.999580690103723
2022-03-29,DAI aave_v2,3.039222690520329,2.9031315344783097,3.0092962856069563
2022-03-28,DAI aave_v2,2.925665104283265,2.877326877844327,3.0233176539220343
2022-03-27,DAI aave_v2,2.907428577980913,2.867370996241089,3.041283134337862
2022-03-26,DAI aave_v2,2.8806605395514118,2.8640732510370666,3.0602965965403963
2022-03-25,DAI aave_v2,2.8621173089114924,2.8599903457082942,3.0807369313140116
2022-03-24,DAI aave_v2,2.854066385176743,2.858539414807756,3.1016531620103898
2022-03-23,DAI aave_v2,2.8527601349240155,2.8590431305998782,3.1229400033215207
2022-03-22,DAI aave_v2,2.858590094082449,2.8591168303848904,3.1443971143310048
2022-03-21,DAI aave_v2,2.8559739330605987,2.856414889322257,3.165556867530684
2022-03-20,DAI aave_v2,2.884344361552755,2.854420826161393,3.1871928716576035
2022-03-19,DAI aave_v2,2.8520802022500056,2.8493506952431633,3.207730899159178
2022-03-18,DAI aave_v2,2.851960792607725,2.849721473873637,3.22941292469705
2022-03-17,DAI aave_v2,2.8575923957216007,2.849422704438871,3.251110881952397
2022-03-16,DAI aave_v2,2.8532760334190983,2.849201240021094,3.272580290549751
2022-03-15,DAI aave_v2,2.839676506644017,2.8497438595413023,3.29393461408936
2022-03-14,DAI aave_v2,2.842015490934549,2.8524953079933106,3.3157324518751903
2022-03-13,DAI aave_v2,2.848853445125147,2.860179376129094,3.337437238735016
2022-03-12,DAI aave_v2,2.854675652663321,2.9426581190602956,3.3590147644593977
2022-03-11,DAI aave_v2,2.8498694065643635,3.024472534767079,3.3812687807860238
2022-03-10,DAI aave_v2,2.856042144797163,3.1097416206301225,3.4026985023635743
2022-03-09,DAI aave_v2,2.8570743700605536,3.197975546902295,3.424204943045411
2022-03-08,DAI aave_v2,2.858936645808078,3.2905021460446515,3.453394852649757
2022-03-07,DAI aave_v2,2.8958039678850316,3.3820059516164,3.4830190595420807
2022-03-06,DAI aave_v2,3.4262046456435593,3.4628860548120084,3.5113382344560033
2022-03-05,DAI aave_v2,3.427376562610804,3.467694496859024,3.521893835995332
2022-03-04,DAI aave_v2,3.4467530076056674,3.473016347451495,3.5325268753822754
2022-03-03,DAI aave_v2,3.4736796287023703,3.4774562669445346,3.542648851687026
2022-03-02,DAI aave_v2,3.504760564057049,3.480340688952748,3.551958707797623
2022-03-01,DAI aave_v2,3.499463284810316,3.4781754983450046,3.559944452777639
2022-02-28,DAI aave_v2,3.461964690254291,3.4772052611593405,3.5683552255033004
2022-02-27,DAI aave_v2,3.4598637399726693,3.4821350861528035,3.5778951469110623
2022-02-26,DAI aave_v2,3.4646295167581016,3.4869235075956846,3.5876240437554534
2022-02-25,DAI aave_v2,3.4778324440569444,3.4926984418971228,3.5970216086148743
2022-02-24,DAI aave_v2,3.493870582759864,3.495934547974702,3.6059706474284448
2022-02-23,DAI aave_v2,3.489604229802847,3.497173174492744,3.614833924479627
2022-02-22,DAI aave_v2,3.4926716245106646,3.499072500273501,3.6285994801713346
2022-02-21,DAI aave_v2,3.4964734652085334,3.500358647292294,3.642400613324082
2022-02-20,DAI aave_v2,3.493382690072838,3.4999918293492707,3.6559427722233866
2022-02-19,DAI aave_v2,3.5050540568681687,3.5000245365129983,3.6695432394705145
2022-02-18,DAI aave_v2,3.5004851866,3.4983252564931626,3.683161770156839
2022-02-17,DAI aave_v2,3.502540968386156,3.4977101179583894,3.6961558106862715
2022-02-16,DAI aave_v2,3.502899510268145,3.500532285683525,3.7090551421775126
2022-02-15,DAI aave_v2,3.5016746536422154,3.4990839347724885,3.7221610685754443
2022-02-14,DAI aave_v2,3.4939057396073725,3.49902117928821,3.7356904567883893
2022-02-13,DAI aave_v2,3.4936116402189294,3.5331448819430036,3.7492761081175843
2022-02-12,DAI aave_v2,3.4931590967293187,3.5694379122799824,3.763012913874352
2022-02-11,DAI aave_v2,3.4961792168565875,3.605469357790467,3.7764059079015055
2022-02-10,DAI aave_v2,3.522296142462108,3.64071128278573,3.790258377488003
2022-02-09,DAI aave_v2,3.4927610538908866,3.6727215116081573,3.80296615593215
2022-02-08,DAI aave_v2,3.501235365252267,3.709528832016344,3.816968203755501
2022-02-07,DAI aave_v2,3.732771658190926,3.745491681554631,3.8302630695128954
2022-02-06,DAI aave_v2,3.747662852577782,3.7471432894498595,3.8353582128988744
2022-02-05,DAI aave_v2,3.745379215302711,3.747732377164486,3.8403222220295334
2022-02-04,DAI aave_v2,3.742872691823429,3.74812996533369,3.8453437694651478
2022-02-03,DAI aave_v2,3.7463677442191003,3.7493953872595442,3.8509033261232237
2022-02-02,DAI aave_v2,3.7504122967481934,3.7494223470197756,3.8563014401511753
2022-02-01,DAI aave_v2,3.7529753120202733,3.7488353915506147,3.861544859912505
2022-01-31,DAI aave_v2,3.744332913457529,3.749805903304193,3.8664724155056907
2022-01-30,DAI aave_v2,3.7517864665801643,3.772411330032271,3.871882187643235
2022-01-29,DAI aave_v2,3.7481623324871416,3.7945426375341187,3.877358086511482
2022-01-28,DAI aave_v2,3.751730645304407,3.816624908919908,3.882400015106062
2022-01-27,DAI aave_v2,3.7465564625407217,3.838005774945946,3.887085816571594
2022-01-26,DAI aave_v2,3.746303608464067,3.861870562791258,3.892082280477775
2022-01-25,DAI aave_v2,3.759768894295322,3.8824423905082455,3.895334054187337
2022-01-24,DAI aave_v2,3.902570900554073,3.9009783931979682,3.900033028680381
2022-01-23,DAI aave_v2,3.906705619093098,3.9000507362911145,3.900046351503062
2022-01-22,DAI aave_v2,3.9027382321876645,3.900172262139325,3.900165128303638
2022-01-21,DAI aave_v2,3.9013967074866747,3.899991840324404,3.9003372212449894
2022-01-20,DAI aave_v2,3.913609977457907,3.9006088553865874,3.9004336828278268
2022-01-19,DAI aave_v2,3.890306402482977,3.8979429896845894,3.899927689377788
2022-01-18,DAI aave_v2,3.8895209131233828,3.901006832822952,3.8997281668309545
2022-01-17,DAI aave_v2,3.896077302206098,3.903008058917685,3.8997224315413064
2022-01-16,DAI aave_v2,3.90755630003057,3.905400228401303,3.8981638058743626
2022-01-15,DAI aave_v2,3.901475279483218,3.9043323766789504,3.8962789197708427
2022-01-14,DAI aave_v2,3.9057158129219585,3.9020681881485317,3.8945480784879183
2022-01-13,DAI aave_v2,3.894948917543922,3.9007635186593315,3.8926385028406965
2022-01-12,DAI aave_v2,3.911753304451517,3.9009173359203633,3.8922899735502274
2022-01-11,DAI aave_v2,3.9035294957865143,3.9006182055081053,3.8913983933916785
2022-01-10,DAI aave_v2,3.91282248859142,3.901301301118266,3.890621961050937
2022-01-09,DAI aave_v2,3.9000813379741044,3.90057164411779,3.8898278155812656
2022-01-08,DAI aave_v2,3.885625959770286,3.9006745929523245,3.889720212065533
2022-01-07,DAI aave_v2,3.8965831264975566,3.903674609782835,3.889718123813836
2022-01-06,DAI aave_v2,3.896025638371145,3.906457510658551,3.8888141308755726
2022-01-05,DAI aave_v2,3.9096593915657114,3.9069424466518923,3.8879307502065297
2022-01-04,DAI aave_v2,3.9083111650576385,3.9044632034668445,3.8868707739101613
2022-01-03,DAI aave_v2,3.907714889588089,3.902768805562346,3.8861533759257494
2022-01-02,DAI aave_v2,3.900801979815844,3.8936462241570364,3.8857128487460835
2022-01-01,DAI aave_v2,3.9066260775838613,3.8936371026242935,3.8856000163543523
2021-12-31,DAI aave_v2,3.916063432627567,3.893114889431528,3.8854802833663715
2021-12-30,DAI aave_v2,3.899420190324534,3.8922871023576433,3.8848926357813633
2021-12-29,DAI aave_v2,3.8923046892703774,3.893498649515312,3.88489545624769
2021-12-28,DAI aave_v2,3.8964503797261516,3.8952109160440873,3.885166599528337
2021-12-27,DAI aave_v2,3.8438568197509198,3.8954937437913144,3.885078741143732
2021-12-26,DAI aave_v2,3.900738129086645,3.9012743018380363,3.8868412356860813
2021-12-25,DAI aave_v2,3.9029705852345016,3.899647262601935,3.886547970770769
2021-12-24,DAI aave_v2,3.910268923110372,3.8919826835966895,3.886168638491775
2021-12-23,DAI aave_v2,3.9079010204282145,3.883517082713062,3.8861461541072218
2021-12-22,DAI aave_v2,3.904290554971806,3.8751812285083855,3.886188562004844
2021-12-21,DAI aave_v2,3.898430173956742,3.8672009411560273,3.8862215180026674
2021-12-20,DAI aave_v2,3.8843207260779735,3.8652099218521867,3.88684088782832
2021-12-19,DAI aave_v2,3.889348854433937,3.8653078037974833,3.8872865214480927
2021-12-18,DAI aave_v2,3.8493185321977834,3.8640060425303875,3.8876217159922675
2021-12-17,DAI aave_v2,3.8510097169249784,3.8696745557166,3.8894061842166447
2021-12-16,DAI aave_v2,3.8495500409954806,3.876223629370481,3.891992368538188
2021-12-15,DAI aave_v2,3.8484285435052974,3.8813683824024636,3.89554374751702
2021-12-14,DAI aave_v2,3.884493038829857,3.884373353094515,3.923864870393835
2021-12-13,DAI aave_v2,3.8850058996950487,3.8822349501616586,3.962695418767306
2021-12-12,DAI aave_v2,3.880236525564266,3.8812141220158884,4.008493335139364
2021-12-11,DAI aave_v2,3.8889981245012732,3.882150222010319,4.0248105129604355
2021-12-10,DAI aave_v2,3.896853232502145,3.8829360719670096,4.031412826672541
2021-12-09,DAI aave_v2,3.8855633122193565,3.8830166113329767,4.034359255320546
2021-12-08,DAI aave_v2,3.8694633383496573,3.885512436436559,4.037308943444801
2021-12-07,DAI aave_v2,3.8695242182998633,3.88965110311194,4.071907364536311
2021-12-06,DAI aave_v2,3.8778601026746573,3.893934043971151,4.117889643092572
2021-12-05,DAI aave_v2,3.8867892255252774,3.8971595989733125,4.130862404549273
2021-12-04,DAI aave_v2,3.894499074198111,3.8981632279251306,4.200930263470521
2021-12-03,DAI aave_v2,3.897417008063913,3.8984821681855983,4.3116720824664645
2021-12-02,DAI aave_v2,3.9030340879444365,3.897699764408936,4.318133370296522
2021-12-01,DAI aave_v2,3.898434005077324,3.896064982826116,4.336114131393401
2021-11-30,DAI aave_v2,3.899504804314337,3.8976593237541786,4.390579509040748
2021-11-29,DAI aave_v2,3.9004389876897894,3.899040531331687,4.507850719470549
2021-11-28,DAI aave_v2,3.8938146281880046,3.8997319952197884,4.723849196377229
2021-11-27,DAI aave_v2,3.8967316560213856,3.903045801010977,4.865560674335919
2021-11-26,DAI aave_v2,3.8919401816272745,3.903182669389515,4.911585759073132
2021-11-25,DAI aave_v2,3.8915906168646965,3.904249027836929,5.021051993965378
2021-11-24,DAI aave_v2,3.9095943915737617,3.9058578795604153,5.085006118994205
2021-11-23,DAI aave_v2,3.909173257356895,3.9085722874172037,5.120309980767458
2021-11-22,DAI aave_v2,3.9052792349065015,3.9152748807034228,5.169814292955278
2021-11-21,DAI aave_v2,3.917011268726325,4.02852959426103,5.227377700319966
2021-11-20,DAI aave_v2,3.897689734671152,4.190300768733553,5.273954327305104
2021-11-19,DAI aave_v2,3.8994046907591704,4.3847655767600715,5.27534306138652
2021-11-18,DAI aave_v2,3.9028525789291018,4.451958029536823,5.274563889311124
2021-11-17,DAI aave_v2,3.9285952465712812,4.478274451956153,5.277830927636127
2021-11-16,DAI aave_v2,3.9560914103604286,4.4863674298663,5.293476047859027
2021-11-15,DAI aave_v2,4.6980622298097545,4.488933507807238,5.308067505926128
2021-11-14,DAI aave_v2,5.049409490033981,4.518841185133697,5.341940323623816
2021-11-13,DAI aave_v2,5.258943390856784,4.547353054412801,5.4398250905346
2021-11-12,DAI aave_v2,4.369751860196433,4.405652990915501,5.523975388584342
2021-11-11,DAI aave_v2,4.087067535864411,4.636949152767824,5.618260146439186
2021-11-10,DAI aave_v2,3.9852460919423134,5.084047168226685,5.728679824997879
2021-11-09,DAI aave_v2,3.9740539559469945,5.099191389801444,5.823663564420624
2021-11-08,DAI aave_v2,4.907415971094961,5.1661060990734216,5.895091346313623
2021-11-07,DAI aave_v2,5.248992574987711,5.255388865273816,5.887567186374021
2021-11-06,DAI aave_v2,4.267042946375678,5.565195799876768,5.900007195121744
2021-11-05,DAI aave_v2,5.988824993162695,6.4385315639502645,6.000817542543306
2021-11-04,DAI aave_v2,7.216753644076439,6.746579274491124,6.01121679649455
2021-11-03,DAI aave_v2,4.09125564296563,6.4695407822141755,5.995109307467902
2021-11-02,DAI aave_v2,4.442456920850833,6.9102081515611795,6.018145374472814
2021-11-01,DAI aave_v2,5.5323953344977275,7.105602072543842,6.0632098333431825
2021-10-31,DAI aave_v2,7.417641117208371,7.0250756311543645,6.082924840457964
2021-10-30,DAI aave_v2,10.380393294890155,6.736027274837668,5.9917777744414
2021-10-29,DAI aave_v2,8.145158966948712,6.05771129783152,5.777754413599022
2021-10-28,DAI aave_v2,5.277484198137796,5.653304313736054,5.671010795168039
2021-10-27,DAI aave_v2,7.1759272283946585,5.462142536446891,5.7905013582086715
2021-10-26,DAI aave_v2,5.810214367729476,4.990728579318694,5.838251093854326
2021-10-25,DAI aave_v2,4.968710244771383,4.732249916597227,5.855431652986985
2021-10-24,DAI aave_v2,5.394302622991495,4.6507125749524985,5.965234663086351
2021-10-23,DAI aave_v2,5.632181455847118,4.507788650578491,6.000845543930902
2021-10-22,DAI aave_v2,5.314310078280452,4.519512265563246,6.032741453147281
2021-10-21,DAI aave_v2,3.939351757113657,4.901175468288538,6.038614041780594
2021-10-20,DAI aave_v2,3.876029528497273,5.450332693322163,6.097563633506176
2021-10-19,DAI aave_v2,4.000863728679207,5.9249419886570935,6.157961097745035
2021-10-18,DAI aave_v2,4.397948853258287,6.410484012077948,6.223203185287311
2021-10-17,DAI aave_v2,4.3938351523734465,6.758599643701716,6.246464144824879
2021-10-16,DAI aave_v2,5.714246760740396,7.004749966610788,6.247211767739982
2021-10-15,DAI aave_v2,7.9859524973575,6.857242025491717,6.199300871762735
2021-10-14,DAI aave_v2,7.783452332349029,6.51956207407199,6.0690361708747735
2021-10-13,DAI aave_v2,7.198294595841792,6.449262222168205,5.942514613573077
2021-10-12,DAI aave_v2,7.399657892625186,6.321049081576525,5.8349591469799895
2021-10-11,DAI aave_v2,6.8347582746246625,6.225887807383924,5.720995595698817
2021-10-10,DAI aave_v2,6.116887412736953,5.932684861453686,5.631082074029536
2021-10-09,DAI aave_v2,4.681691172906896,5.886613900628677,5.586334607630097
2021-10-08,DAI aave_v2,5.622192837419413,6.092635954205002,5.618034059863106
2021-10-07,DAI aave_v2,7.2913533690225325,5.958498282675292,5.629601944579594
2021-10-06,DAI aave_v2,6.300802611700028,5.482546725617621,5.6108364969755
2021-10-05,DAI aave_v2,6.733528973276985,5.288553554520361,5.618911241967271
2021-10-04,DAI aave_v2,4.782337653112998,5.592649571103188,5.624241563737977
2021-10-03,DAI aave_v2,5.794390686961885,6.139232663196231,5.633543047529044
2021-10-02,DAI aave_v2,6.123845547941172,6.215124156731567,5.615738299506107
2021-10-01,DAI aave_v2,4.683229136711444,6.520689156704593,5.609172153768331
2021-09-30,DAI aave_v2,3.9596924696188376,6.774889144078391,5.686494819267962
2021-09-29,DAI aave_v2,4.942850414019205,7.150512895895486,5.790045273457601
2021-09-28,DAI aave_v2,8.862201089356773,7.228746799218433,5.857469822739991
2021-09-27,DAI aave_v2,8.6084192977643,6.778123716293337,5.74591356415681
2021-09-26,DAI aave_v2,6.325631141709232,6.360914310278875,5.593878844512836
2021-09-25,DAI aave_v2,8.262800547752358,6.308413626455765,5.514943144432997
2021-09-24,DAI aave_v2,6.462629048328033,5.855981782403334,5.389057593007851
2021-09-23,DAI aave_v2,6.589058732338501,5.5636438954745495,5.355762047417607
2021-09-22,DAI aave_v2,5.490487737279831,5.2333383453437605,5.341102917333214
2021-09-21,DAI aave_v2,5.707839508881107,5.031556021549307,5.36179825863112
2021-09-20,DAI aave_v2,5.687953455663066,4.785836893608884,5.30954070130218
2021-09-19,DAI aave_v2,5.9581263549474635,4.540647913949757,5.268925839396489
2021-09-18,DAI aave_v2,5.09577763938534,4.258165770984404,5.207718475233252
2021-09-17,DAI aave_v2,4.416263839826537,4.121247911721675,5.169413237314265
2021-09-16,DAI aave_v2,4.276919881422978,4.17241928042557,5.153710098755836
2021-09-15,DAI aave_v2,4.078011470718659,4.366098545921881,5.158100769839844
2021-09-14,DAI aave_v2,3.987805613298149,4.636272532806938,5.171334217549312
2021-09-13,DAI aave_v2,3.9716305980491695,5.027784579607157,5.170714886252089
2021-09-12,DAI aave_v2,3.980751354189998,5.395129488664874,5.17069700136005
2021-09-11,DAI aave_v2,4.1373526245462395,5.811227670408897,5.168689465867263
2021-09-10,DAI aave_v2,4.7744634207538015,5.9432318907372945,5.2073123332469615
2021-09-09,DAI aave_v2,5.63267473989715,6.012629722954434,5.180025411925159
2021-09-08,DAI aave_v2,5.969229378914059,6.054656356655964,5.1233830329436305
2021-09-07,DAI aave_v2,6.728389940899685,6.202324888482582,5.058830722391147
2021-09-06,DAI aave_v2,6.543044961453186,6.250584339112341,4.964841911786693
2021-09-05,DAI aave_v2,6.893438626398158,6.3109474721177286,4.876212632877488
2021-09-04,DAI aave_v2,5.061382166845025,6.114101001469615,4.774354504585817
2021-09-03,DAI aave_v2,5.260248246273773,5.969243221698194,4.733673881385017
2021-09-02,DAI aave_v2,5.926861175807863,5.783144920703947,4.686332201865354
2021-09-01,DAI aave_v2,7.002909101700382,5.57734103915968,4.617967363906067
2021-08-31,DAI aave_v2,7.066206095307998,5.357462979005442,4.5136779323339775
2021-08-30,DAI aave_v2,6.965586892490901,5.226474226790974,4.407130413069247
2021-08-29,DAI aave_v2,5.5155133318613645,5.104440095894705,4.303121025059641
2021-08-28,DAI aave_v2,4.047377708445073,4.907954304059206,4.246422760010178
2021-08-27,DAI aave_v2,3.9575601393140496,4.968258574065957,4.240131225233322
2021-08-26,DAI aave_v2,4.486234004997991,4.9917364727425735,4.233931759433408
2021-08-25,DAI aave_v2,5.4637626806207145,4.914648829430821,4.209238051842635
2021-08-24,DAI aave_v2,6.149284829806724,4.697706972638389,4.151086078095225
2021-08-23,DAI aave_v2,6.111347976217015,4.449043427515028,4.070200590578595
2021-08-22,DAI aave_v2,4.140112789012878,4.215281559770126,3.988268236877135
2021-08-21,DAI aave_v2,4.46950759849233,4.19086911482278,3.9712401036273395
2021-08-20,DAI aave_v2,4.121905430050361,4.119667179507879,3.9427361020048934
2021-08-19,DAI aave_v2,3.946620501815724,4.090898587987307,3.9255030414748675
2021-08-18,DAI aave_v2,3.9451696830736895,4.28367260857609,3.9136775130390133
2021-08-17,DAI aave_v2,4.408640013943202,4.285199194008383,3.9021272577007533
2021-08-16,DAI aave_v2,4.475014902002696,4.217308244938112,3.874618586171076
2021-08-15,DAI aave_v2,3.969225674381458,4.154114696414806,3.8445523329645677
2021-08-14,DAI aave_v2,3.971094051288022,4.145471831898318,3.8761911693001143
2021-08-13,DAI aave_v2,3.920525289406357,4.133053623739605,3.8556384034097353
2021-08-12,DAI aave_v2,5.296038645937206,4.12122069348842,3.8369303314490746
2021-08-11,DAI aave_v2,3.9558557810997406,3.913352811328964,3.7752841961830192
2021-08-10,DAI aave_v2,3.9334033704512996,3.8968016798409817,3.761245440561703
2021-08-09,DAI aave_v2,4.0326600623395565,3.8885892036378324,3.7504488321509415
2021-08-08,DAI aave_v2,3.908725622766044,3.865955788237568,3.7359301245489513
2021-08-07,DAI aave_v2,3.884166594177035,3.860392201751858,3.725184962092572
2021-08-06,DAI aave_v2,3.8376947776480552,3.8548405814698135,3.7155135362777854
2021-08-05,DAI aave_v2,3.840963470821019,3.8515363818597304,3.708419664485278
2021-08-04,DAI aave_v2,3.839997860683862,3.854060409619498,3.6973347803910053
2021-08-03,DAI aave_v2,3.875916037029257,3.844285881709895,3.6858647328984815
2021-08-02,DAI aave_v2,3.8742261545377046,3.8256439874592596,3.6754695177958046
2021-08-01,DAI aave_v2,3.8697805173660735,3.803497889410785,3.6648438068858815
2021-07-31,DAI aave_v2,3.8453052522027216,3.782489273259608,3.6543487879973946
2021-07-30,DAI aave_v2,3.8145653803774744,3.755071003683965,3.645014592142114
2021-07-29,DAI aave_v2,3.8586316651393933,3.7286000624184714,3.636733464520233
2021-07-28,DAI aave_v2,3.7715761653166404,3.6937080459441214,3.6273302722558434
2021-07-27,DAI aave_v2,3.745422777274809,3.6698991100631138,3.6215705349559713
2021-07-26,DAI aave_v2,3.7192034681983834,3.6479608059867252,3.6163689326878345
2021-07-25,DAI aave_v2,3.7227202043078322,3.6307405995192275,3.6124979046983237
2021-07-24,DAI aave_v2,3.653377365173225,3.6108348371970918,3.607387324090472
2021-07-23,DAI aave_v2,3.6292687915190167,3.5993562572876945,3.6032405730064863
2021-07-22,DAI aave_v2,3.6143875498189435,3.7835165391346712,3.5996539068050706
2021-07-21,DAI aave_v2,3.604913614149587,3.7463913283857737,3.597863516710158
2021-07-20,DAI aave_v2,3.5918546487400893,3.7113012593053365,3.599440491713601
2021-07-19,DAI aave_v2,3.5986620229258994,3.690558393478973,3.6016610500662662
2021-07-18,DAI aave_v2,3.5833798680528806,3.681419977698166,3.60390734764938
2021-07-17,DAI aave_v2,3.5730273058074453,3.6851521562803913,3.60753721424169
2021-07-16,DAI aave_v2,4.918390764447852,3.688590946062164,3.612967824516121
2021-07-15,DAI aave_v2,3.3545110745766613,3.4983023724374225,3.5723118763155894
2021-07-14,DAI aave_v2,3.359283130586527,3.532518478888391,3.582847457845917
2021-07-13,DAI aave_v2,3.446654587955548,3.570460692215006,3.590238737973375
2021-07-12,DAI aave_v2,3.5346931124602463,3.579283886506047,3.5957558500707303
2021-07-11,DAI aave_v2,3.6095051181284594,3.5737415041414624,3.5994224546778852
2021-07-10,DAI aave_v2,3.5970988342798558,3.567249284972961,3.602797322624347
2021-07-09,DAI aave_v2,3.586370749074661,3.5613001411101255,3.607727081236057
2021-07-08,DAI aave_v2,3.5940238197334415,3.5568085984868127,3.612804411702123
2021-07-07,DAI aave_v2,3.624878623872831,3.5527022494597933,3.6194562500495913
2021-07-06,DAI aave_v2,3.5084169479928353,3.544309810580965,3.6280992345569527
2021-07-05,DAI aave_v2,3.4958964359081532,3.554041089040233,3.6419078819673447
2021-07-04,DAI aave_v2,3.564059583948951,3.5687393190991368,3.656657167313366
2021-07-03,DAI aave_v2,3.555454827240004,3.572355765567959,3.6688942310816928
2021-07-02,DAI aave_v2,3.554929950711472,3.5791583086069654,3.682315695099006
2021-07-01,DAI aave_v2,3.565279376544306,3.581225856515654,3.7080109612441183
2021-06-30,DAI aave_v2,3.5661315517210332,3.5760394931027033,3.73688160895919
2021-06-29,DAI aave_v2,3.576535897207712,3.5696876722106334,3.772004623809287
2021-06-28,DAI aave_v2,3.5987840463204783,3.5674219507483276,3.7909071094466107
2021-06-27,DAI aave_v2,3.5893747092307096,3.575056067595812,3.8162227832660416
2021-06-26,DAI aave_v2,3.603072628513047,3.5849270233228614,3.8301585911014047
2021-06-25,DAI aave_v2,3.5694027860722923,3.5939239264523257,3.877374847639804
2021-06-24,DAI aave_v2,3.5289748326536508,3.611477223559453,3.8880889929983864
2021-06-23,DAI aave_v2,3.521668805476545,3.6410444780432716,3.899741942957863
2021-06-22,DAI aave_v2,3.56067584697157,3.6663364084654653,3.9119831439223254
2021-06-21,DAI aave_v2,3.6522228642528707,3.682036790396168,3.9254653576694936
2021-06-20,DAI aave_v2,3.6584713993200535,3.671865171847225,3.936113391839907
2021-06-19,DAI aave_v2,3.6660509504192986,3.665250393498104,4.034574952407424
2021-06-18,DAI aave_v2,3.692275865822182,3.6621990078203317,4.258056988375391
2021-06-17,DAI aave_v2,3.735945614040381,3.6648383350632088,4.327466576975676
2021-06-16,DAI aave_v2,3.698712318431902,3.666130617719034,4.396724366135804
2021-06-15,DAI aave_v2,3.67057852048649,3.6718418098082823,4.539881101229531
2021-06-14,DAI aave_v2,3.581021534410268,3.689413302618424,4.813404047024656
2021-06-13,DAI aave_v2,3.6121679508762097,3.7327199632874826,5.2539671388418485
2021-06-12,DAI aave_v2,3.64469125067489,3.777078308920108,5.676359889059275
2021-06-11,DAI aave_v2,3.710751156522321,3.819033129722094,5.958069928024003
2021-06-10,DAI aave_v2,3.7449915926311577,3.8505217497901567,6.286806633555614
2021-06-09,DAI aave_v2,3.738690663056639,3.8809656290941907,6.554623544287674
2021-06-08,DAI aave_v2,3.7935789701574825,3.9648366679525058,6.833074413901009
2021-06-07,DAI aave_v2,3.8841681590936785,4.055953787643787,7.079169028329669
2021-06-06,DAI aave_v2,3.9226763703045875,4.161047193090968,7.3448355918617185
2021-06-05,DAI aave_v2,3.938374996288793,4.192609206808517,7.546657322759891
2021-06-04,DAI aave_v2,3.931171496998759,4.252591958896319,7.641437093649765
2021-06-03,DAI aave_v2,3.9580987477593967,4.26348873708101,7.859262263396161
2021-06-02,DAI aave_v2,4.325787935064843,4.415126105210385,8.09244484495669
2021-06-01,DAI aave_v2,4.431398807996455,4.352988849748231,8.261322167563891
2021-05-31,DAI aave_v2,4.619821997223942,4.274012353097016,8.292413630211467
2021-05-30,DAI aave_v2,4.143610466327428,4.169595615552226,8.401626606351954
2021-05-29,DAI aave_v2,4.358254260903406,4.144100157417825,8.429226328002054
2021-05-28,DAI aave_v2,4.0074489442916015,4.0888729614838075,8.536440416681288
2021-05-27,DAI aave_v2,5.0195603246650204,4.460997143205802,8.8136625549824
2021-05-26,DAI aave_v2,3.8908271468297637,5.225418815319128,9.06668972767341
2021-05-25,DAI aave_v2,3.878563331437956,5.494524012033552,9.481765761519318
2021-05-24,DAI aave_v2,3.8889048344104094,5.770969148805877,9.657273553134324
2021-05-23,DAI aave_v2,3.9651422593866177,6.357327654067774,9.686695155124161
2021-05-22,DAI aave_v2,3.971663889365282,7.48748831620401,9.716256485933116
2021-05-21,DAI aave_v2,6.61231821634556,9.319809801855545,9.953745302315737
2021-05-20,DAI aave_v2,10.37051202945831,10.701471550577466,9.91783590068615
2021-05-19,DAI aave_v2,5.77456352383073,10.947968749171523,9.704697493474653
2021-05-18,DAI aave_v2,5.813679288844229,12.062010006120085,9.642436758880173
2021-05-17,DAI aave_v2,7.993414371243686,12.91426995265562,9.743380977411348
2021-05-16,DAI aave_v2,11.876266894340267,13.499813149828906,9.804377291363785
2021-05-15,DAI aave_v2,16.797914288926034,13.399834651068478,9.963553369437106
2021-05-14,DAI aave_v2,16.283950457399012,12.693584761944068,10.172715528700913
2021-05-13,DAI aave_v2,12.095992419616698,11.792638739065607,10.277594764939487
2021-05-12,DAI aave_v2,13.572852322470666,11.033463839546794,10.305270059786496
2021-05-11,DAI aave_v2,11.779498914592974,10.589617306249647,10.277335688141813
2021-05-10,DAI aave_v2,12.092216751456695,10.471628346247115,10.428597412238528
2021-05-09,DAI aave_v2,11.176417403017266,10.085898469364855,10.426894578228065
2021-05-08,DAI aave_v2,11.85416506505517,9.255573509994353,10.205825817724525
2021-05-07,DAI aave_v2,9.977328297249782,8.69015154090626,10.129793354307383
2021-05-06,DAI aave_v2,6.781768122984997,7.9750478007034955,10.190994811390143
